[
  {
    "timestamp": "2025-11-29 21:16:16,234",
    "action": "search",
    "account": "حساب اصلی",
    "hashtag": "#ایران",
    "status": "success",
    "details": "Found 15 tweets"
  },
  {
    "timestamp": "2025-11-29 21:16:16,567",
    "action": "like",
    "account": "حساب اصلی",
    "hashtag": "#ایران",
    "status": "success",
    "details": "Tweet ID: 1845678901234567890"
  },
  {
    "timestamp": "2025-11-29 21:16:16,890",
    "action": "retweet",
    "account": "حساب اصلی",
    "hashtag": "#ایران",
    "status": "success",
    "details": "Tweet ID: 1845678901234567891"
  },
  {
    "timestamp": "2025-11-29 21:16:18,012",
    "action": "search",
    "account": "حساب دوم",
    "hashtag": "#تهران",
    "status": "success",
    "details": "Found 12 tweets"
  },
  {
    "timestamp": "2025-11-29 21:16:18,345",
    "action": "like",
    "account": "حساب دوم",
    "hashtag": "#تهران",
    "status": "success",
    "details": "Tweet ID: 1845678901234567892"
  },
  {
    "timestamp": "2025-11-29 21:16:18,678",
    "action": "retweet",
    "account": "حساب دوم",
    "hashtag": "#تهران",
    "status": "error",
    "details": "Rate limit exceeded"
  },
  {
    "timestamp": "2025-11-29 21:21:20,789",
    "action": "search",
    "account": "حساب جدید",
    "hashtag": "#فوتبال",
    "status": "success",
    "details": "Found 20 tweets"
  },
  {
    "timestamp": "2025-11-29 21:21:21,012",
    "action": "like",
    "account": "حساب جدید",
    "hashtag": "#فوتبال",
    "status": "success",
    "details": "Tweet ID: 1845678901234567893"
  }
]